title,url,description
Belle,./images/Belle.jpg,My daughter's 5th Bday cake.
Barbi,./images/Barbi.jpg,My first doll Bday cake!
Princess Sofia,./images/cake.jpg,My daughter's 3rd Bday cake 
Frozen Hot Tub,./images/Frozen.jpg,One of my first attempts!
Peacock,./images/Peacock.jpg,Painting that got to travel to China!
Still Art,./images/StillArt.jpg,A painting done for a friend!
Flowers,./images/Hydr.jpg,My favourite hydrangeas!
Flowers,./images/DaisyH.jpg,Beautiful flowers!
Tulips,./images/Tulips.jpg,Tulips
Vase,./images/Vase.jpg,Vase with flowers
Roses,./images/Rose.jpg,Red roses